Track,Artist,danceability,energy,key,loudness,mode,speechiness,acousticness,instrumentalness,liveness,valence,tempo,type,URL
DIAMONDS (ダイアモンド),PRINCESS PRINCESS,0.681,0.951,4,-7.777,1,0.0349,0.334,0.000673,0.276,0.857,111.071,audio_features,https://open.spotify.com/track/1oqoXgWdAtce5vp0mGlJ7C
淋しい熱帯魚,Wink,0.627,0.949,9,-5.388,0,0.0343,0.183,0.000141,0.0445,0.931,121.917,audio_features,https://open.spotify.com/track/3uBuBPPHoMVQp2GFCAGbDP
とんぼ,Tsuyoshi Nagabuchi,0.719,0.788,7,-5.785,1,0.027,0.249,0.0,0.117,0.65,109.906,audio_features,https://open.spotify.com/track/0ZoTz6KpGZuCRiZqeC4HnO
BE MY BABY,COMPLEX,0.583,0.964,9,-3.375,1,0.121,0.0485,1.72e-06,0.36,0.675,127.006,audio_features,https://open.spotify.com/track/2k3kCCpZ9ZGTYMJUSBlENJ
ANNIVERSARY ~ 無限にCALLING YOU,Yumi Matsutoya,0.653,0.721,5,-6.899,1,0.0238,0.106,0.00261,0.253,0.44,107.986,audio_features,https://open.spotify.com/track/21Mhxw8PyEiiMqz3DhdpWQ
夢の中へ,Yuki Saito,0.647,0.952,9,-8.968,0,0.0353,0.0218,0.885,0.282,0.969,129.981,audio_features,https://open.spotify.com/track/17VwsBRVp4qRQPUPmmLPBB
太陽のKomachi Angel,B'z,0.665,0.964,7,-4.211,1,0.0404,0.000219,2.19e-06,0.135,0.79,120.82,audio_features,https://open.spotify.com/track/0VautPaGJuzwHMo945JvLa
今すぐKiss Me,LINDBERG,0.481,0.796,4,-9.774,1,0.0495,0.0132,0.0,0.113,0.918,170.773,audio_features,https://open.spotify.com/track/6XRIhZzGGr4CPRdsecaXOG
浪漫飛行,Kome Kome Club,0.708,0.649,11,-11.854,1,0.0312,0.117,0.00515,0.145,0.969,137.213,audio_features,https://open.spotify.com/track/4lPEdvGVptFXUMk8DKMLnF
真夏の果実,サザンオールスターズ,0.466,0.541,2,-7.687,1,0.0447,0.825,0.00304,0.0903,0.436,201.295,audio_features,https://open.spotify.com/track/3AVLsBieDGotYuo5RPEL64
笑顔の行方 (ORIGINAL VERSION),DREAMS COME TRUE,0.56,0.774,5,-9.902,1,0.0337,0.00387,0.0,0.119,0.604,129.91,audio_features,https://open.spotify.com/track/2wjjKbqf8Zei1CAyZ78b1g
あー夏休み,TUBE,0.628,0.822,6,-7.71,0,0.0377,0.149,0.0,0.292,0.851,131.807,audio_features,https://open.spotify.com/track/3xGPfKACKGRjRJbgr8uMbS
恋しくて,BEGIN,0.282,0.408,9,-9.874,1,0.0286,0.304,0.000156,0.283,0.393,82.692,audio_features,https://open.spotify.com/track/21JW0G2xjGz68gDxNOnXa3
サイレント・イヴ,Midori Karashima,0.196,0.3,3,-7.619,1,0.0331,0.941,3.54e-05,0.238,0.125,78.774,audio_features,https://open.spotify.com/track/5YaftqJ1yV7Xgcf63gwrba
"恋とマシンガン -Young,Alive,in Love-",Flipper's Guitar,0.656,0.576,9,-9.807,1,0.0542,0.454,3.6e-06,0.445,0.684,121.38,audio_features,https://open.spotify.com/track/0M3gmV8wqB84IWG2BtFIso
壊れかけのRadio,Hideaki Tokunaga,0.624,0.545,4,-5.91,1,0.0279,0.641,0.0,0.0831,0.261,123.902,audio_features,https://open.spotify.com/track/4BXQ9BO9lNCfYaCFNCW5E4
ラブ・ストーリーは突然に,Kazumasa Oda,0.658,0.763,7,-4.375,1,0.029,0.00377,0.000486,0.819,0.53,113.557,audio_features,https://open.spotify.com/track/3A6uq9eWVRYnRWNakGJn5B
愛は勝つ,KAN,0.632,0.84,4,-5.229,1,0.0269,0.476,0.0,0.304,0.729,124.899,audio_features,https://open.spotify.com/track/7MqaQIHyo7Ud1QzDSmWpQ0
どんなときも。,Noriyuki Makihara,0.691,0.809,6,-7.417,1,0.0291,0.344,0.000479,0.0893,0.915,123.827,audio_features,https://open.spotify.com/track/4feDzcxtXRU8clyOluco5Y
あなたに会えてよかった,Kyoko Koizumi,0.676,0.856,4,-6.016,1,0.0306,0.0605,0.0,0.117,0.601,124.857,audio_features,https://open.spotify.com/track/0WyQzeO98cgIDJpXAWH2p7
WON'T BE LONG,Da Bubble Gum Brothers,0.671,0.888,10,-4.853,0,0.123,0.0164,0.00296,0.0378,0.663,103.783,audio_features,https://open.spotify.com/track/745Y2xbeGh56xF97j4Fz1N
I LOVE YOU,Yutaka Ozaki,0.536,0.357,9,-8.348,1,0.0276,0.125,0.0,0.0739,0.187,149.272,audio_features,https://open.spotify.com/track/0HMSTmDVXtCSauJvu8nnfs
DA・KA・RA,Maki Ohguro,0.709,0.937,7,-2.46,0,0.0536,0.188,0.0,0.298,0.532,122.974,audio_features,https://open.spotify.com/track/6CIVqJvWYAM2DW4LqW3WvX
君がいるだけで,Kome Kome Club,0.652,0.771,0,-6.138,1,0.0327,0.129,0.0,0.0942,0.656,120.869,audio_features,https://open.spotify.com/track/3gWJIQefaaSuOU6RJlDLm9
もう恋なんてしない,Noriyuki Makihara,0.731,0.809,1,-6.596,0,0.0243,0.649,0.0,0.276,0.887,105.043,audio_features,https://open.spotify.com/track/2dQ4alICWrgs9gyYUOWlEg
決戦は金曜日,DREAMS COME TRUE,0.728,0.661,0,-10.482,0,0.0275,0.0226,2.24e-06,0.157,0.888,125.041,audio_features,https://open.spotify.com/track/7iunyO2biewHVCt7ofOrtq
涙のキッス,サザンオールスターズ,0.573,0.787,0,-5.861,1,0.0268,0.409,6.4e-06,0.188,0.631,105.951,audio_features,https://open.spotify.com/track/7LiUm2lhAw55f51sYATpyZ
浅い眠り,中島みゆき,0.632,0.893,4,-8.727,0,0.0322,0.126,2.28e-05,0.0947,0.76,116.981,audio_features,https://open.spotify.com/track/18pLX997DVYHq7aKxy95H9
それが大事,Daijiman Brothers Band,0.718,0.818,0,-3.67,1,0.0315,0.433,0.0,0.268,0.958,119.073,audio_features,https://open.spotify.com/track/0a8J4Ep9K0U8SNDNmYLl6k
格好悪いふられ方,Senri Oe,0.732,0.939,8,-5.039,1,0.0285,0.487,0.000181,0.184,0.96,132.148,audio_features,https://open.spotify.com/track/7lHu3fWx7itEyaLIegpcQp
世界中の誰よりきっと,中山美穂 & WANDS,0.651,0.881,2,-3.861,1,0.0383,0.558,0.0,0.108,0.806,116.978,audio_features,https://open.spotify.com/track/5DEb6u4nukTgZh4fF9JNNx
夏の日の1993,class,0.584,0.717,1,-8.504,1,0.0281,0.242,0.0,0.0896,0.563,94.992,audio_features,https://open.spotify.com/track/1uH8pOgmQmyLybC0E4BIxD
Get Along Together -愛を贈りたいから-,Yasuhiro Yamane,0.472,0.466,11,-4.916,1,0.0302,0.671,0.0,0.154,0.172,144.07,audio_features,https://open.spotify.com/track/0zPgjySwnZa9R9Fh7vHVkS
愛のままにわがままに 僕は君だけを傷つけない,B'z,0.582,0.965,6,-3.573,0,0.066,0.155,0.0,0.329,0.595,120.039,audio_features,https://open.spotify.com/track/5aGMUGq5YmLY4Z3Kll4Xem
揺れる想い,ZARD,0.64,0.939,5,-3.567,1,0.0718,0.49,6.84e-06,0.191,0.473,121.966,audio_features,https://open.spotify.com/track/6c38IZ0hfPfe49qUTafiQy
Make-up Shadow - Remastered 2018,Yosui Inoue,0.65,0.934,5,-4.111,0,0.0336,0.385,0.0,0.269,0.769,136.003,audio_features,https://open.spotify.com/track/0PsLOhg92g0S9wGWT2qZyo
慟哭,Shizuka Kudo,0.645,0.889,1,-7.292,1,0.0313,0.0573,0.0,0.171,0.859,133.933,audio_features,https://open.spotify.com/track/1W0XDAaJDrCL50LOy7uL4E
サヨナラ,GAO,0.668,0.778,3,-6.915,1,0.0315,0.522,0.015,0.118,0.615,113.019,audio_features,https://open.spotify.com/track/5vXHIrLWv10nakJWLAyJH3
ロマンスの神様,Kohmi Hirose,0.667,0.802,1,-6.495,1,0.0349,0.149,1.84e-06,0.163,0.556,125.91,audio_features,https://open.spotify.com/track/0xYSgQHddr1lh6IfqWgn2W
大切なあなた,Seiko Matsuda,0.701,0.694,6,-8.289,1,0.0312,0.134,0.0,0.088,0.741,112.768,audio_features,https://open.spotify.com/track/1FaHIi6kRnNGJJNTIlASmf
innocent world,Mr.Children,0.612,0.664,4,-6.525,1,0.0267,0.158,0.0,0.278,0.662,119.822,audio_features,https://open.spotify.com/track/1MbgBrof1GjPcylNJeeO1x
空と君のあいだに,中島みゆき,0.59,0.874,6,-4.44,0,0.0297,0.181,2.71e-05,0.355,0.476,106.896,audio_features,https://open.spotify.com/track/29NdfvdZu1eymPW07pmpAd
恋しさと せつなさと 心強さと,Ryoko Shinohara,0.599,0.857,2,-8.378,1,0.0567,0.201,0.000595,0.112,0.662,129.945,audio_features,https://open.spotify.com/track/2gnw7ushUAnh0sfil88sL3
ラブリー,Ozawa Kenji,0.692,0.712,4,-7.643,1,0.119,0.112,0.0,0.0614,0.912,89.935,audio_features,https://open.spotify.com/track/3hssL0gevfZHITLLQ3BaS2
TRUE LOVE,Fumiya Fujii,0.668,0.355,1,-11.32,1,0.0254,0.00578,0.0137,0.0983,0.153,101.833,audio_features,https://open.spotify.com/track/0fF6StCPuAyFnENfLcWtiz
"Hello, my friend",Yumi Matsutoya,0.658,0.499,4,-7.836,1,0.0234,0.438,4.75e-05,0.0653,0.533,82.969,audio_features,https://open.spotify.com/track/41NIQxcwqfE4M4iJ6UQHFX
ただ泣きたくなるの,中山美穂,0.404,0.692,10,-5.701,1,0.0317,0.647,1.01e-05,0.339,0.636,173.868,audio_features,https://open.spotify.com/track/5yPj7ceaoE1y2HN33S8o6c
Tomorrow never knows,Mr.Children,0.637,0.485,0,-10.263,1,0.0245,0.173,0.0,0.122,0.403,109.035,audio_features,https://open.spotify.com/track/2CbDcSVFCbMSfLMoZiAFYN
人魚,NOKKO,0.315,0.353,0,-7.724,1,0.0301,0.733,0.143,0.0987,0.147,129.844,audio_features,https://open.spotify.com/track/65V6mbrrHTcrW4NduSvajz
OH MY LITTLE GIRL,Yutaka Ozaki,0.576,0.505,2,-7.282,1,0.0266,0.164,0.0,0.118,0.226,138.439,audio_features,https://open.spotify.com/track/4w8BWDyfDxlNLWKQaiUhmd
愛のために,Tamio Okuda,0.62,0.78,4,-8.174,1,0.0279,0.0103,0.0,0.0766,0.503,98.944,audio_features,https://open.spotify.com/track/4FcASwuOUEAfzgMEB8GJAD
TOMORROW,Mayo Okamoto,0.618,0.911,2,-2.831,0,0.0251,0.0518,8.62e-05,0.367,0.722,105.724,audio_features,https://open.spotify.com/track/1KZUhS8ADGo3DZHzuhKaQD
LOVE LOVE LOVE,DREAMS COME TRUE,0.466,0.341,1,-11.915,1,0.0272,0.504,0.0,0.126,0.284,83.863,audio_features,https://open.spotify.com/track/0kI1eqATzXs5ztZ0nJtQMa
WOW WAR TONIGHT〜時には起こせよムーヴメント〜 - TWO MILLION MIX,H Jungle With t,0.569,0.879,2,-6.56,1,0.0649,0.16,0.0,0.341,0.737,169.997,audio_features,https://open.spotify.com/track/19oxKZQilcf3pGhduW6TPg
"Hello,Again~昔からある場所~",My Little Lover,0.546,0.621,1,-8.48,0,0.0241,0.0101,0.000766,0.0974,0.488,99.028,audio_features,https://open.spotify.com/track/4QXpGTmnWwftsbcSVhBeAm
HELLO,Masaharu Fukuyama,0.515,0.847,4,-5.012,1,0.0344,0.0626,0.0,0.328,0.826,156.006,audio_features,https://open.spotify.com/track/5O1VtFNxDZe7fgJozYlhyw
ら・ら・ら (2019 Remastered),Maki Ohguro,0.578,0.907,5,-2.357,1,0.0292,0.00623,0.0,0.316,0.832,121.229,audio_features,https://open.spotify.com/track/08WMcRBYuUEzTnbQ5v9wuq
夢見る少女じゃいられない,Nanase Aikawa,0.534,0.966,1,-3.739,0,0.0744,0.0152,0.000161,0.0193,0.726,159.012,audio_features,https://open.spotify.com/track/3d7FJny6sehhNgQwGGd8f3
Over Drive,JUDY AND MARY,0.475,0.746,7,-4.56,1,0.0352,0.00673,1.91e-05,0.0752,0.714,147.981,audio_features,https://open.spotify.com/track/34GSVqN6ZisP7dBIB20xPm
DA.YO.NE,EAST END,0.836,0.692,1,-9.204,1,0.123,0.0536,0.00371,0.333,0.922,108.022,audio_features,https://open.spotify.com/track/2NmWKOqNsaKvgpiFnvYh22
春よ、来い,Yumi Matsutoya,0.542,0.529,10,-10.024,0,0.0318,0.634,0.0,0.108,0.184,87.911,audio_features,https://open.spotify.com/track/7BgNhufmVuEQjRo86YrsJR
ロビンソン,SPITZ,0.636,0.81,6,-3.985,0,0.0277,0.586,0.0,0.151,0.622,111.053,audio_features,https://open.spotify.com/track/5YP52gnoypy9H1jg5RIwUW
DEPARTURES - RADIO EDIT,globe,0.614,0.708,5,-8.829,0,0.0366,0.0104,0.000459,0.306,0.152,100.004,audio_features,https://open.spotify.com/track/2ggw0Py9eptisSvB1xkgkc
名もなき詩,Mr.Children,0.555,0.852,7,-5.094,1,0.0375,0.0417,0.0,0.2,0.7,125.898,audio_features,https://open.spotify.com/track/60ba7YZ3yqbCDGAkPNXzBh
LA･LA･LA LOVE SONG,Toshinobu Kubota,0.758,0.884,8,-5.727,0,0.0327,0.109,4.91e-05,0.0815,0.96,117.917,audio_features,https://open.spotify.com/track/5dEojWGT3junlaa989hzGL
アジアの純真,Puffy AmiYumi,0.557,0.737,4,-5.047,1,0.0349,0.0503,1.23e-05,0.0734,0.244,126.094,audio_features,https://open.spotify.com/track/6eN20qYKGWJH7mj4wqZI5P
そばかす,JUDY AND MARY,0.487,0.797,9,-4.265,1,0.0424,0.0736,4.36e-06,0.377,0.573,169.839,audio_features,https://open.spotify.com/track/5zydI0vRlMI6mrEKgZR8zq
ガッツだぜ!! - アルバム・ミックス,Ulfuls,0.672,0.911,11,-7.043,0,0.0535,0.0401,0.0,0.189,0.864,123.774,audio_features,https://open.spotify.com/track/1FVSKCOSpwe0G8XGu3zv8L
田園,Koji Tamaki,0.411,0.933,7,-6.767,1,0.0474,0.19,0.0,0.11,0.671,75.281,audio_features,https://open.spotify.com/track/0b2PHexDZWgFbvRRswrfRk
MajiでKoiする5秒前,Ryoko Hirosue,0.694,0.912,0,-3.619,1,0.0297,0.073,0.0,0.0406,0.793,103.966,audio_features,https://open.spotify.com/track/5ZykymYCbzRWl1b2A2LZZu
Body & Soul,SPEED,0.749,0.925,11,-5.573,0,0.0605,0.035,7.42e-06,0.235,0.867,122.847,audio_features,https://open.spotify.com/track/4GiCw6vUeSi9fbP4P7nVpW
情熱,UA,0.661,0.872,2,-5.562,0,0.0453,0.158,0.0,0.24,0.917,89.839,audio_features,https://open.spotify.com/track/2TwrieAjsEMIwTGVI6pjrp
白い雲のように,Saruganseki,0.633,0.773,7,-5.996,1,0.0267,0.103,0.0,0.101,0.77,119.055,audio_features,https://open.spotify.com/track/6YIkR7cwUp21KPsoFunDxf
接吻 kiss - Single Version,Original Love,0.61,0.715,4,-10.605,0,0.0438,0.259,6.07e-06,0.0596,0.652,96.048,audio_features,https://open.spotify.com/track/5EyleO5KEgTHTi8pX7JTTs
バンザイ ～好きでよかった～,Ulfuls,0.462,0.952,7,-3.666,1,0.113,0.269,1.13e-05,0.326,0.747,185.574,audio_features,https://open.spotify.com/track/4f0II2oFQupDKcA7khBXaN
やさしい気持ち (しあわせ Version),Chara,0.488,0.837,11,-7.759,1,0.0308,0.355,2.85e-06,0.27,0.424,93.442,audio_features,https://open.spotify.com/track/5NZDQb3uUEHPpNuuRXQFlT
長い間,Kiroro,0.562,0.517,5,-6.829,1,0.0289,0.816,0.0,0.0977,0.355,122.942,audio_features,https://open.spotify.com/track/5kfsa8umNApDtGrVG8uHeI
Shangri-La,Denki Groove,0.591,0.885,10,-7.296,0,0.0465,0.00304,0.407,0.369,0.742,119.996,audio_features,https://open.spotify.com/track/5Q18D00FTTQ1LEPMFrtgyc
ひだまりの詩,Le Couple,0.62,0.234,8,-12.685,1,0.0266,0.447,1.61e-06,0.0791,0.276,89.978,audio_features,https://open.spotify.com/track/3uyj8q4PiHangEmluLDV2q
PRIDE,Miki Imai,0.716,0.474,3,-6.884,1,0.0258,0.253,9.78e-05,0.109,0.434,110.828,audio_features,https://open.spotify.com/track/2zntBR9UDPSvQCuXlFJpD5
さすらい,Tamio Okuda,0.591,0.793,4,-6.128,1,0.0316,0.0126,1.52e-05,0.157,0.813,118.247,audio_features,https://open.spotify.com/track/6AyErTw94FC8ZF339m24Vm
1/2,Makoto Kawamoto,0.718,0.728,9,-5.877,1,0.0284,0.351,0.000112,0.0642,0.375,122.943,audio_features,https://open.spotify.com/track/0juf8VFVDQZYQ6hg1r7JRI
強く儚い者たち,Cocco,0.57,0.561,4,-9.928,1,0.0299,0.276,3.83e-05,0.0994,0.917,173.995,audio_features,https://open.spotify.com/track/1wJqiUvCDwmwbLsoDiuC11
黄金の月,Shikao Suga,0.673,0.658,10,-8.864,0,0.0343,0.176,1.57e-05,0.08,0.863,97.989,audio_features,https://open.spotify.com/track/35L0y18MvVAEvx7hFW8Tyy
今宵の月のように,Elephant Kashimashi,0.576,0.632,7,-8.226,1,0.0335,0.0945,0.0,0.333,0.577,116.01,audio_features,https://open.spotify.com/track/0wMfMGp7nz7JMNw7tei9f5
サマーヌード,Magokoro Brothers,0.629,0.773,11,-5.112,0,0.0369,0.343,0.0,0.296,0.781,115.021,audio_features,https://open.spotify.com/track/7eNTFaExmnzkud4vCILtEm
Timing～タイミング～,ブラック・ビスケッツ,0.613,0.959,1,-4.45,1,0.0588,0.0809,0.0,0.291,0.834,126.0,audio_features,https://open.spotify.com/track/7EoJiTUWO1G7QOqHOHVLfL
ゲレンデがとけるほど恋したい,Kohmi Hirose,0.658,0.894,9,-4.974,0,0.0724,0.152,7.46e-06,0.285,0.584,125.804,audio_features,https://open.spotify.com/track/6EvrfdvQ254FkKbNOnVXuQ
HONEY - Remastered 2022,L'Arc-en-Ciel,0.372,0.92,5,-5.239,1,0.0631,0.000205,0.0,0.112,0.326,91.067,audio_features,https://open.spotify.com/track/4BFWM87zjensjLlOjnlNqE
HOWEVER,GLAY,0.287,0.791,0,-4.956,1,0.05,0.163,0.0,0.0832,0.401,171.994,audio_features,https://open.spotify.com/track/7FptOE24ql8QzjoF2BHDB5
Automatic,Hikaru Utada,0.716,0.879,1,-3.967,1,0.0549,0.0574,0.000113,0.131,0.728,94.851,audio_features,https://open.spotify.com/track/3PDuPLArSTzKH2W2hKYjh0
カブトムシ,aiko,0.5,0.475,0,-4.834,0,0.0268,0.111,0.0,0.28,0.255,149.096,audio_features,https://open.spotify.com/track/2Os0vzke5CakbU3dkSHckx
"つつみ込むように･･･(DAVE ""EQ3"" DUB MIX)",MISIA,0.638,0.766,7,-6.208,1,0.0359,0.112,0.0017,0.0698,0.48,79.879,audio_features,https://open.spotify.com/track/6AUHW4DJrZ07pgvfDVKsZo
my graduation,SPEED,0.332,0.747,4,-5.909,1,0.0467,0.0536,0.0,0.14,0.225,177.722,audio_features,https://open.spotify.com/track/2hVd9JbsiyErluM1fF4hdF
There will be love there －愛のある場所－,the brilliant green,0.502,0.826,5,-3.889,1,0.0441,0.147,0.000915,0.213,0.532,150.254,audio_features,https://open.spotify.com/track/3gniN41BW6W6RBfRN6G3Fv
陽はまたのぼりくりかえす,Dragon Ash,0.312,0.626,0,-7.447,1,0.0911,0.00295,0.00247,0.378,0.506,177.848,audio_features,https://open.spotify.com/track/3DKTDOOHd2YS9tB8TmYcVy
あの紙ヒコーキ　くもり空わって,19,0.375,0.81,0,-4.899,1,0.034,0.08,0.00113,0.134,0.566,172.469,audio_features,https://open.spotify.com/track/6xolPSoBWkzOnK28TAOKRx
アポロ,PornoGraffitti,0.621,0.933,9,-3.905,0,0.0425,0.00478,0.0,0.117,0.636,95.014,audio_features,https://open.spotify.com/track/6wow9d9i3AB2ltYCeBWFsY
Boys & Girls,Ayumi Hamasaki,0.56,0.985,7,-2.884,1,0.0793,0.000388,0.0145,0.258,0.393,127.96,audio_features,https://open.spotify.com/track/0QcVKhVp9iHGZ1pj04yTbO
Garden,Sugar Soul,0.718,0.577,7,-7.95,1,0.142,0.314,0.00127,0.231,0.819,90.062,audio_features,https://open.spotify.com/track/3Kd05sR04BY9jggm3fGMKV
ギブス,Sheena Ringo,0.294,0.848,7,-2.986,1,0.0482,0.0417,0.0869,0.376,0.353,153.997,audio_features,https://open.spotify.com/track/6OZVgJ6JK6S4qBmug226wT
GOLDFINGER'99,Hiromi Go,0.461,0.904,1,-4.409,0,0.0424,0.0023,0.0,0.357,0.644,177.004,audio_features,https://open.spotify.com/track/4C8VsPKaGN0Ix9uew4KVs1
桜坂,Masaharu Fukuyama,0.768,0.413,7,-10.017,1,0.0262,0.199,1.83e-05,0.123,0.459,104.001,audio_features,https://open.spotify.com/track/75WKINePeVTeiINVjuGfQN
今夜月の見える丘に,B'z,0.359,0.861,4,-3.751,0,0.0357,0.000402,0.00288,0.236,0.271,177.904,audio_features,https://open.spotify.com/track/3lY4xuQhj0SJ8M7PS4ykah
Secret of my heart,Mai Kuraki,0.554,0.879,10,-4.153,0,0.0484,0.0341,0.0,0.133,0.927,169.896,audio_features,https://open.spotify.com/track/1KvU7iXcyRMden0n9krc4k
TSUNAMI,サザンオールスターズ,0.491,0.689,2,-4.476,1,0.0247,0.285,0.000505,0.279,0.548,90.509,audio_features,https://open.spotify.com/track/2iXZA6Ecf9AZHw92tZBNLv
エイリアンズ,KIRINJI,0.579,0.436,3,-7.013,0,0.0272,0.685,0.00104,0.0926,0.317,170.067,audio_features,https://open.spotify.com/track/5NclFtKE9l08xM8XhDKyzx
夏祭り,Whiteberry,0.514,0.775,5,-5.151,0,0.0466,0.109,3.75e-06,0.261,0.664,140.976,audio_features,https://open.spotify.com/track/6rDJe5gVgAunlkaSY1vnAF
天体観測,BUMP OF CHICKEN,0.359,0.957,1,-2.819,1,0.11,0.394,0.0,0.0904,0.503,165.113,audio_features,https://open.spotify.com/track/2eBIaTAW8i8Q7GMotWojdH
Can You Keep A Secret?,Hikaru Utada,0.722,0.884,4,-3.593,0,0.0656,0.0378,0.0,0.219,0.647,103.962,audio_features,https://open.spotify.com/track/3ZNeHexG9hUvduqJlywq0g
ultra soul,B'z,0.585,0.972,1,-4.33,0,0.0572,0.0027,0.133,0.323,0.706,126.559,audio_features,https://open.spotify.com/track/4zz5dSunCrg0pmNT4ZzBf5
secret base ～君がくれたもの～,ZONE,0.49,0.777,6,-6.237,1,0.0384,0.366,0.0,0.139,0.427,144.81,audio_features,https://open.spotify.com/track/1k42CHnoxIlqAJ81VE65Uc
ばらの花,Quruli,0.662,0.615,8,-6.283,1,0.0347,0.014,0.406,0.58,0.679,125.066,audio_features,https://open.spotify.com/track/6iyKwsCmtdXvs19uKyBFfS
波乗りジョニー,Keisuke Kuwata,0.486,0.821,2,-7.039,1,0.0605,0.0541,0.0,0.288,0.73,138.158,audio_features,https://open.spotify.com/track/3hjHUf3frPoh9jcYDkqXUV
イージュー★ライダー,Tamio Okuda,0.539,0.807,9,-6.127,1,0.031,0.0143,0.0,0.224,0.687,120.602,audio_features,https://open.spotify.com/track/16TRYuLeXnh4hRTjQ1pYpR
Everything,MISIA,0.515,0.579,1,-5.321,1,0.0334,0.507,0.0,0.11,0.23,131.934,audio_features,https://open.spotify.com/track/6bkJ4p6uSKmSnKxYpmB4aG
ワダツミの木,Chitose Hajime,0.784,0.368,1,-8.167,1,0.0417,0.041,0.000507,0.123,0.807,133.99,audio_features,https://open.spotify.com/track/20EPdYHB7krC9Yvfy4CHDY
楽園ベイベー,RIP SLYME,0.773,0.931,9,-3.791,1,0.0586,0.114,5.45e-05,0.0518,0.864,113.048,audio_features,https://open.spotify.com/track/1SlnuvPLppYWh3WWZ0wYT0
Lifetime Respect,Mikidozan,0.701,0.66,0,-8.066,1,0.153,0.0398,0.0,0.0459,0.823,169.979,audio_features,https://open.spotify.com/track/0UsGTyMOK6BumDpikOkJMf
サヨナラCOLOR,SUPER BUTTER DOG,0.47,0.524,11,-7.274,1,0.0312,0.43,0.00207,0.0908,0.175,130.263,audio_features,https://open.spotify.com/track/2A0ujima89BfVrpG0aJnIq
Always,Ryouta Mitsunaga,0.624,0.957,8,-2.273,1,0.0318,0.0185,0.0,0.0275,0.937,127.067,audio_features,https://open.spotify.com/track/5kFZy4w1gAe0EUG04MPQan
君という花,ASIAN KUNG-FU GENERATION,0.55,0.741,9,-6.448,1,0.0325,2.18e-05,0.00198,0.0819,0.596,133.048,audio_features,https://open.spotify.com/track/1YnMDPixSp4cWjnO3Q2D2S
もらい泣き,Yo Hitoto,0.675,0.744,7,-5.769,0,0.0484,0.323,0.0,0.0886,0.702,89.944,audio_features,https://open.spotify.com/track/0c8zEXqNao1FRqSa022QgV
One,RIP SLYME,0.803,0.694,7,-5.399,1,0.0344,0.172,0.0,0.0588,0.842,96.949,audio_features,https://open.spotify.com/track/4uykI6w1KPRs3tTCJvxQ7G
トモダチ,Ketsumeishi,0.699,0.638,1,-6.229,1,0.0748,0.402,0.0,0.108,0.545,87.014,audio_features,https://open.spotify.com/track/0yt6toATQ5qwIADXUKtGn5
銀の龍の背に乗って,中島みゆき,0.464,0.664,1,-4.643,0,0.0317,0.302,1.54e-05,0.373,0.247,82.081,audio_features,https://open.spotify.com/track/3yfFvKtiFnTiQhqfucj1Ay
さくら - 独唱,Naotaro Moriyama,0.589,0.181,8,-9.783,1,0.0329,0.95,0.0,0.139,0.349,72.005,audio_features,https://open.spotify.com/track/7x0ZuC7zKDiAzGfVVJYf83
月のしずく,Ko Shibasaki,0.207,0.611,9,-5.984,0,0.0386,0.257,6.92e-06,0.091,0.364,70.324,audio_features,https://open.spotify.com/track/67vojPHKOri59M5ZT7I9ar
雪の華,Mika Nakashima,0.452,0.293,11,-7.24,1,0.0283,0.74,0.0,0.153,0.149,143.451,audio_features,https://open.spotify.com/track/6Zyizxfz4NXdCgVLwhuBNw
Love so sweet,ARASHI,0.584,0.849,0,-3.983,1,0.0403,0.1,0.0,0.304,0.707,139.032,audio_features,https://open.spotify.com/track/5I6JLJqnZICLvPebTj2YCm
CHE.R.RY,YUI,0.599,0.906,5,-2.899,1,0.032,0.245,0.000182,0.265,0.648,109.198,audio_features,https://open.spotify.com/track/6PBBGlTEVfUyfnmemrnhbp
蕾(つぼみ),KOBUKURO,0.355,0.441,2,-5.785,1,0.0253,0.203,0.0,0.155,0.283,75.894,audio_features,https://open.spotify.com/track/4je3QjYSt5H7QmSV5zO0Qo
Jupiter,Ayaka Hirahara,0.333,0.577,1,-8.064,1,0.0306,0.42,0.0,0.388,0.366,88.886,audio_features,https://open.spotify.com/track/5IwRgi599tbwNi9wqPYyIX
花,ORANGE RANGE,0.413,0.792,0,-4.548,1,0.0632,0.349,0.0,0.0992,0.526,183.699,audio_features,https://open.spotify.com/track/5h5ACEliQ9toZ3fJwVc09f
瞳をとじて,Ken Hirai,0.448,0.596,3,-4.976,1,0.0301,0.607,0.0,0.0895,0.33,141.352,audio_features,https://open.spotify.com/track/0JAQpusQK6R7w07s0UgcU3
Sign,Mr.Children,0.601,0.509,7,-6.273,1,0.0259,0.263,0.0,0.124,0.383,105.018,audio_features,https://open.spotify.com/track/5ZLkGLEYYDlgcDXK6A2vYO
栄光の架橋,YUZU,0.557,0.383,4,-6.547,1,0.0274,0.789,0.0,0.107,0.199,81.993,audio_features,https://open.spotify.com/track/6LtgrHfq3Q7O9PHcAZxkEH
リライト,ASIAN KUNG-FU GENERATION,0.496,0.934,4,-4.269,1,0.0432,0.000169,0.172,0.0391,0.556,89.487,audio_features,https://open.spotify.com/track/3txqYlzoDZGLoW8MGll9tQ
GLAMOROUS SKY,Nana,0.326,0.874,1,-2.077,0,0.0426,6.84e-05,0.63,0.223,0.535,150.022,audio_features,https://open.spotify.com/track/7fVuFTodvQPM5LKpT5vdFM
My Way,Def Tech,0.816,0.719,6,-7.064,1,0.109,0.321,0.0,0.139,0.637,100.021,audio_features,https://open.spotify.com/track/2ttzli3A7SOXUvMv69xEKs
何度でも,DREAMS COME TRUE,0.551,0.768,4,-5.147,1,0.0386,0.213,0.0,0.253,0.35,100.037,audio_features,https://open.spotify.com/track/6Qq8UOS6QzeSYFUVXC5wEB
全力少年,Sukima Switch,0.639,0.79,2,-4.156,1,0.0263,0.25,0.0,0.299,0.733,133.948,audio_features,https://open.spotify.com/track/3Ztjw8utVpcrzms1RrsJvR
リルラ リルハ,Kaela Kimura,0.467,0.792,9,-2.75,1,0.0468,0.000482,2.43e-06,0.064,0.678,137.474,audio_features,https://open.spotify.com/track/5V8NvGi1HeLhZqCMC1xSTM
ハナミズキ,Yo Hitoto,0.399,0.396,4,-6.44,1,0.0277,0.884,5.09e-06,0.169,0.307,141.309,audio_features,https://open.spotify.com/track/28NV7pexaSrgQqxize1rav
ポリリズム,Perfume,0.537,0.954,0,-1.42,0,0.0379,0.00325,0.0,0.343,0.796,127.995,audio_features,https://open.spotify.com/track/4Eyrl29TD7ssLcAKWzwsso
ロコローション,ORANGE RANGE,0.646,0.894,11,-2.816,0,0.101,0.0983,0.0,0.0703,0.811,140.046,audio_features,https://open.spotify.com/track/0oH94EuqPENzurxBFyiggQ
三日月,ayaka,0.496,0.476,2,-5.077,1,0.0266,0.293,0.0,0.0771,0.405,143.758,audio_features,https://open.spotify.com/track/5SDVaYU4nfaIV0rNSlWSCa
粉雪,Remioromen,0.482,0.702,7,-4.761,1,0.0256,0.246,3.31e-05,0.233,0.232,82.031,audio_features,https://open.spotify.com/track/1Vimcaq6kgTq6xgHSnr4pS
Around The World,Monkey Majik,0.631,0.904,11,-3.856,0,0.0531,0.00833,0.0,0.355,0.941,97.028,audio_features,https://open.spotify.com/track/3q8iEcMEbPYisgQZMIjPCM
愛唄,GReeeeN,0.505,0.791,8,-3.729,1,0.0308,0.0839,0.0,0.187,0.425,169.964,audio_features,https://open.spotify.com/track/7iXHLtPosbHvglVSJ4rxLq
シャングリラ,Chatmonchy,0.702,0.918,8,-1.758,1,0.053,0.00284,0.0013,0.104,0.959,129.148,audio_features,https://open.spotify.com/track/1or2OAFaWw7UhTMEZzx9Ub
Story,AI,0.586,0.632,0,-4.714,1,0.0268,0.427,0.0,0.109,0.391,125.94,audio_features,https://open.spotify.com/track/0V2axJ946WH1vt9t5SGMLV
タイヨウのうた,Kaoru Amane,0.457,0.651,7,-3.73,1,0.0278,0.0838,0.0,0.107,0.362,84.0,audio_features,https://open.spotify.com/track/3JZOw8aQDMeByFTeTIe6Qu
HANABI,Mr.Children,0.638,0.766,1,-5.541,1,0.0268,0.157,0.0,0.124,0.595,112.005,audio_features,https://open.spotify.com/track/0AU7xhipAm9Saq0k8A9Iua
愛をこめて花束を,Superfly,0.37,0.8,7,-3.403,1,0.0436,0.151,3.33e-06,0.089,0.451,161.934,audio_features,https://open.spotify.com/track/7CmWXD3w1xOO53AAO4LRVQ
鱗(うろこ),Motohiro Hata,0.442,0.748,6,-5.448,1,0.0302,0.074,0.0,0.1,0.493,89.956,audio_features,https://open.spotify.com/track/4IubwxgmXeZtDtYjTaT9gN
若者のすべて,Fujifabric,0.585,0.665,1,-5.287,1,0.0279,0.00529,0.181,0.272,0.321,123.957,audio_features,https://open.spotify.com/track/5dH4asCl80Mvbsoz6zJVyZ
イケナイ太陽,ORANGE RANGE,0.512,0.942,4,-4.336,0,0.0451,0.000301,1.26e-06,0.133,0.833,145.062,audio_features,https://open.spotify.com/track/7emibp3qHeqNNYqZ2Y09xb
GREEN DAYS,Noriyuki Makihara,0.656,0.827,0,-4.02,0,0.028,0.0215,0.0,0.321,0.797,119.991,audio_features,https://open.spotify.com/track/0zd3Bl3TOqJcjQqW5xlBL2
チョコレイト・ディスコ,Perfume,0.573,0.99,8,-1.941,1,0.0354,0.158,0.0116,0.0527,0.964,128.009,audio_features,https://open.spotify.com/track/2ZRvgRjGRDuvunmHabJ8du
LIFE,Kimaguren,0.702,0.934,0,-4.746,0,0.0433,0.0907,5.01e-06,0.231,0.795,126.99,audio_features,https://open.spotify.com/track/0OteDMairtABHrHUHjuAK1
ありがとう,Ikimonogakari,0.53,0.753,0,-4.364,1,0.0284,0.0609,0.0,0.241,0.393,79.014,audio_features,https://open.spotify.com/track/3hlQBw2Z5YQQqIiX9JmLG4
Flavor Of Life - Ballad Version,Hikaru Utada,0.484,0.612,0,-6.105,0,0.027,0.508,0.0,0.115,0.37,94.966,audio_features,https://open.spotify.com/track/4NnxwvoD3dboEG0MdYBEbB
キセキ,GReeeeN,0.641,0.618,0,-4.269,1,0.0259,0.0932,0.0,0.155,0.338,90.032,audio_features,https://open.spotify.com/track/7ztdl6cnbJgHRdMkKldkts
イチブトゼンブ,B'z,0.564,0.94,7,-3.132,1,0.0677,0.0988,1.09e-05,0.108,0.613,109.03,audio_features,https://open.spotify.com/track/3IYcbagYZ9z1Svaw8B33Pd
やさしさで溢れるように,JUJU,0.328,0.723,5,-4.105,0,0.0365,0.327,0.0,0.114,0.374,78.559,audio_features,https://open.spotify.com/track/1OiKgvbwehchswoMFmBBlb
FOREVER LOVE,Shota Shimizu,0.761,0.822,0,-4.177,0,0.0285,0.0386,0.0,0.234,0.726,120.998,audio_features,https://open.spotify.com/track/6RBIchAcxtPTR1KqPI2Tzp
Goodbye Happiness,Hikaru Utada,0.695,0.77,0,-5.269,1,0.0287,0.362,1.55e-05,0.0818,0.6,120.021,audio_features,https://open.spotify.com/track/3k4SxB91guEeAYgrl3PIx0
Monster,ARASHI,0.656,0.939,10,-4.042,0,0.0792,0.192,0.0,0.373,0.744,134.946,audio_features,https://open.spotify.com/track/7jqRTdBUqNhJaI0fKdOClO
ヘビーローテーション,AKB48,0.334,0.877,1,-6.271,0,0.0526,0.0001,0.156,0.319,0.321,178.042,audio_features,https://open.spotify.com/track/4M8ymIlXycNgTuAdqISAxy
会いたくて 会いたくて,Kana Nishino,0.705,0.666,5,-4.587,0,0.0361,0.437,0.0,0.165,0.502,109.953,audio_features,https://open.spotify.com/track/5yp5wFjiFMI5TiYKBTUSzs
花束,back number,0.519,0.713,2,-3.612,1,0.0324,0.0178,0.0,0.353,0.505,159.963,audio_features,https://open.spotify.com/track/3QIAwtEEDOrv0g5NKCGrXZ
Wherever you are,ONE OK ROCK,0.379,0.69,4,-4.79,1,0.0549,0.0286,0.0,0.335,0.288,173.716,audio_features,https://open.spotify.com/track/7a7EIFzJLd7lcDRgThMQgm
Rising Sun,EXILE,0.572,0.91,0,-5.293,1,0.0498,0.000638,0.0,0.251,0.717,126.971,audio_features,https://open.spotify.com/track/4ux6NjzqD98nXZs4hMPrxA
ヒカリヘ,miwa,0.565,0.902,7,-2.556,1,0.0316,0.325,2.94e-05,0.505,0.372,132.018,audio_features,https://open.spotify.com/track/6Ko5MADnkgh7GZJfieBnln
ハピネス,AI,0.642,0.914,2,-3.316,1,0.115,0.0948,0.0,0.365,0.448,94.004,audio_features,https://open.spotify.com/track/4Ls20opS0EzPb7NuA6F8VI
やさしくなりたい,Kazuyoshi Saito,0.495,0.91,1,-3.82,1,0.0365,0.00795,0.00123,0.106,0.472,132.026,audio_features,https://open.spotify.com/track/2A0t0Cgbb6PA5JJqBXRMgJ
恋するフォーチュンクッキー,AKB48,0.685,0.885,2,-5.677,1,0.0395,0.242,0.0,0.323,0.951,122.01,audio_features,https://open.spotify.com/track/3Tw2WaAaeRj0YKtTUogJVz
サンタマリア,Kenshi Yonezu,0.492,0.607,11,-4.296,1,0.0307,0.302,0.0,0.303,0.409,74.993,audio_features,https://open.spotify.com/track/0zjtBLZoqcrIxPDxrAfpJq
ひまわりの約束,Motohiro Hata,0.475,0.468,10,-6.123,1,0.0343,0.167,0.0,0.186,0.365,157.798,audio_features,https://open.spotify.com/track/6nBrpoaPnUmDSby7fZivTi
R.Y.U.S.E.I.,J SOUL BROTHERS III,0.582,0.947,5,-2.82,0,0.0581,0.0102,7.63e-06,0.455,0.558,127.991,audio_features,https://open.spotify.com/track/2AVA9gTyJsZaan4PcsNHSn
Dragon Night,SEKAI NO OWARI,0.616,0.825,10,-4.349,1,0.125,0.0342,8.7e-06,0.405,0.548,124.013,audio_features,https://open.spotify.com/track/4XdzCpY4Ekv5SezuuFpBDG
私以外私じゃないの,Gesu No Kiwami Otome,0.668,0.907,0,-2.995,0,0.0478,0.0851,0.000172,0.0943,0.748,136.009,audio_features,https://open.spotify.com/track/3iKJWOQJtENE3kFWMXh8JM
ワタリドリ,[Alexandros],0.508,0.964,9,-4.077,1,0.0831,0.00141,0.0,0.197,0.609,134.982,audio_features,https://open.spotify.com/track/0ve9Tpz8Yw0I4eXhWsy21o
アイネクライネ,Kenshi Yonezu,0.471,0.868,1,-2.291,1,0.0295,0.0384,0.0,0.297,0.811,173.969,audio_features,https://open.spotify.com/track/45YBVp6zMwQZRbUDcPzmMB
新宝島,sakanaction,0.511,0.913,7,-3.948,0,0.103,0.00239,0.0298,0.171,0.476,157.998,audio_features,https://open.spotify.com/track/7H6ExpY3qhU7k022nUH66Z
STAY TUNE,Suchmos,0.692,0.884,5,-7.794,1,0.0503,0.101,0.00106,0.182,0.575,122.996,audio_features,https://open.spotify.com/track/1KKc8f9ZiKFzOeRJJ3SYn7
恋,Gen Hoshino,0.598,0.819,9,-2.619,1,0.0911,0.00081,0.0,0.218,0.878,158.115,audio_features,https://open.spotify.com/track/1flvuaMS27JxpEBL0u2cWc
クリスマスソング,back number,0.404,0.705,4,-3.324,1,0.0315,0.128,0.0,0.123,0.42,154.02,audio_features,https://open.spotify.com/track/5P8ZvBQoCrujjNcLAxO3Su
打上花火,Daoko,0.635,0.667,6,-5.392,1,0.0253,0.207,0.0,0.108,0.261,96.003,audio_features,https://open.spotify.com/track/7pcTLUekZJQnzDOUDuExVJ
さよならエレジー,SUDA MASAKI,0.466,0.934,1,-2.736,1,0.0539,0.00331,0.0,0.277,0.615,154.961,audio_features,https://open.spotify.com/track/3oYD2O31b05fILFpv0AXRI
君はロックを聴かない,Aimyon,0.524,0.687,7,-4.039,1,0.0267,0.00135,0.0,0.169,0.619,99.919,audio_features,https://open.spotify.com/track/59eluCMn0XbOWqeWQ91FTM
明日も,SHISHAMO,0.404,0.825,1,-2.051,1,0.0464,0.024,0.0,0.0778,0.588,178.791,audio_features,https://open.spotify.com/track/2kb9XMZHeScrG0ShIW4Vs9
My Boo,Shota Shimizu,0.72,0.718,2,-4.996,1,0.0316,0.307,0.000178,0.0846,0.693,153.938,audio_features,https://open.spotify.com/track/0DxfR2OYoEbSOmmUtWcRIE
U.S.A.,DA PUMP,0.653,0.992,7,-0.877,1,0.0587,0.0171,0.0,0.221,0.921,139.542,audio_features,https://open.spotify.com/track/4qZyuyqLoZ3CaH79rGvJFR
Lemon,Kenshi Yonezu,0.525,0.646,11,-4.963,1,0.0268,0.304,0.0,0.297,0.373,86.957,audio_features,https://open.spotify.com/track/04TshWXkhV1qkqHzf31Hn6
TT - Japanese ver.,TWICE,0.699,0.856,2,-3.326,1,0.0608,0.0807,8.72e-06,0.44,0.331,129.96,audio_features,https://open.spotify.com/track/0PAyiPTz8gL0udQnSasc5G
サイレントマジョリティー,Keyakizaka46,0.583,0.952,1,-2.491,1,0.0797,0.261,0.0,0.314,0.81,123.015,audio_features,https://open.spotify.com/track/6vqGGV7ZGWYFRg5EtlcuN5
白日,King Gnu,0.606,0.902,1,-2.555,1,0.109,0.672,0.0,0.289,0.758,93.002,audio_features,https://open.spotify.com/track/5iF0Yf9gju6ERpAch08JsC
Pretender,OFFICIAL HIGE DANDISM,0.538,0.869,8,-3.464,1,0.0275,0.047,0.0,0.14,0.369,91.972,audio_features,https://open.spotify.com/track/58dxGXavrcagRqA58fNB0Z
フライデー・ナイト,natori,0.633,0.713,5,-5.467,0,0.105,0.236,0.0,0.433,0.927,82.08,audio_features,https://open.spotify.com/track/6MXlv5l2I2BRa9pO38dE1a
幾億光年,Omoinotake,0.558,0.79,6,-4.372,1,0.0411,0.0138,0.0,0.224,0.543,95.607,audio_features,https://open.spotify.com/track/4dmruTsdHIOjfOIeaFitXK
Nagisa,imase,0.738,0.864,9,-4.489,1,0.0512,0.203,2.31e-06,0.147,0.951,128.048,audio_features,https://open.spotify.com/track/0bdAQ9dwLA5cJtgM05PRKW
相思相愛,aiko,0.523,0.483,9,-5.854,1,0.0265,0.0239,2.05e-05,0.0992,0.595,185.85,audio_features,https://open.spotify.com/track/01vIbnKIo9QDYeqSc7ecoi
ばかまじめ,Creepy Nuts,0.61,0.938,10,-3.592,0,0.0525,0.194,0.0,0.518,0.802,90.949,audio_features,https://open.spotify.com/track/55emtNBnUXszixuQj4Fg6I
Bling-Bang-Bang-Born,Creepy Nuts,0.853,0.822,6,-6.836,0,0.246,0.0841,0.00985,0.166,0.746,157.013,audio_features,https://open.spotify.com/track/0kdqcbwei4MDWFEX5f33yG
不可幸力,Vaundy,0.691,0.826,2,-4.9,1,0.0423,0.0139,5.03e-06,0.0604,0.62,94.033,audio_features,https://open.spotify.com/track/6AncLCxf4U7ivJEaqih9zA
fake face dance music,音田 雅則,0.812,0.64,1,-8.034,1,0.0564,0.0875,0.0,0.396,0.893,116.992,audio_features,https://open.spotify.com/track/4ayU74yaWEgHHpaf1WJ313
This Hell (feat. CHANMINA - Gyarupi Remix - Spotify Singles),Rina Sawayama,0.642,0.826,9,-3.569,0,0.0383,0.00504,3.16e-06,0.177,0.56,120.997,audio_features,https://open.spotify.com/track/7fjPGuy2gOewuexxESLnZI
鬼ノ宴,友成空,0.804,0.536,6,-7.003,1,0.0427,0.0141,6.91e-06,0.0376,0.978,130.017,audio_features,https://open.spotify.com/track/096KHkONhQm4MQNH35mU22
さよーならまたいつか！- Sayonara,Kenshi Yonezu,0.83,0.603,7,-6.618,1,0.0344,0.211,0.0,0.0575,0.86,121.964,audio_features,https://open.spotify.com/track/6jRyCWUAnRVir3OK4jSZvV
正解,RADWIMPS,0.488,0.281,9,-6.98,1,0.0325,0.848,0.0,0.124,0.562,81.187,audio_features,https://open.spotify.com/track/6vg9UGXRVL4YKNVqVMmOKF
忘レナ唄,Macaroni Empitsu,0.292,0.835,7,-3.285,1,0.0494,0.0975,0.000181,0.202,0.648,151.99,audio_features,https://open.spotify.com/track/4wjephTaBH2vOoRz4vlPnE
満ちてゆく,Fujii Kaze,0.565,0.591,9,-7.91,1,0.0336,0.473,0.0523,0.107,0.429,143.99,audio_features,https://open.spotify.com/track/5glPFBAuA1C85tBcVWVzvO
絶対零度,natori,0.524,0.987,10,-2.387,0,0.134,2.83e-05,0.0,0.331,0.584,110.455,audio_features,https://open.spotify.com/track/389rEslJY9vh7TZemIA4y7
君のそば,東京、君がいない街,0.548,0.93,9,-3.253,1,0.0467,0.00616,0.0,0.776,0.912,144.986,audio_features,https://open.spotify.com/track/3ENZ9t8yvPfD1fNK4T3Lli
カルト,Tele,0.596,0.898,10,-3.642,0,0.0988,0.0299,0.0,0.267,0.728,111.887,audio_features,https://open.spotify.com/track/1ejjFGLrQUzOhbthe2fYAU
♡人生♡,Koresawa,0.479,0.69,1,-7.098,1,0.0718,0.0419,0.0,0.161,0.714,200.056,audio_features,https://open.spotify.com/track/6xUSwo6S2euQqUe98Euv6m
TATTOO,OFFICIAL HIGE DANDISM,0.481,0.901,0,-5.629,1,0.163,0.0114,0.0,0.314,0.817,194.084,audio_features,https://open.spotify.com/track/36jIu8oPR1Z4cguMuHxUXA
Moshi Moshi,Nozomi Kitay,0.791,0.869,1,-3.965,1,0.0538,0.119,0.0,0.127,0.754,143.997,audio_features,https://open.spotify.com/track/0FJVGU0hNhCtohkjKB6uKQ
ライラック,Mrs. GREEN APPLE,0.531,0.794,10,-4.363,1,0.0964,0.0176,0.0,0.082,0.775,149.923,audio_features,https://open.spotify.com/track/78W4mTLIh4qoLu92W4IQhO
オレンジ,SPYAIR,0.402,0.878,2,-4.367,1,0.0846,0.000242,0.0,0.173,0.358,100.267,audio_features,https://open.spotify.com/track/6M6ZNRplLNspFEn6Ab3mOv
traveling - Re-Recording,Hikaru Utada,0.652,0.796,7,-7.293,1,0.0322,0.00638,6.19e-06,0.087,0.668,119.98,audio_features,https://open.spotify.com/track/4WZdUTYAUwMG63GCNA5jtk
ヤバいな,Kaneee,0.708,0.866,2,-3.278,1,0.0893,0.0356,0.0,0.725,0.804,155.007,audio_features,https://open.spotify.com/track/1acXpvOjQiCDgEkPLPFupe
Sugar Bomb,ME:I,0.765,0.861,1,-2.743,1,0.0515,0.131,1.71e-06,0.0662,0.445,130.031,audio_features,https://open.spotify.com/track/2n7RsaMrg4IrKeSmPlBNxF
全方向美少女,乃紫,0.467,0.933,11,-4.133,0,0.249,0.15,0.0,0.121,0.854,175.846,audio_features,https://open.spotify.com/track/5qqqgLXECWbgaKLlq4YWkS
地獄恋文,tuki.,0.505,0.921,0,-3.79,1,0.0648,0.0871,0.0,0.352,0.788,184.93,audio_features,https://open.spotify.com/track/7eUt3Ed2PSocfPSVaNhAEI
SWEET NONFICTION,NiziU,0.714,0.897,8,-2.537,1,0.047,0.0742,4.69e-06,0.0281,0.915,130.018,audio_features,https://open.spotify.com/track/0fXXfojTJEeJEF0p69qmo2
夜撫でるメノウ,Ayase,0.702,0.732,10,-6.803,1,0.0266,0.0749,0.0,0.297,0.636,100.0,audio_features,https://open.spotify.com/track/6IHWPY5iBUI1AOUclbtE6F
あらわれないで,離婚伝説,0.656,0.817,7,-6.826,1,0.0417,0.0131,1.21e-06,0.343,0.801,120.025,audio_features,https://open.spotify.com/track/4J355x8SX4orM1H3tyPBFa
UNDEFEATED,XG,0.798,0.69,1,-4.166,1,0.156,0.0606,0.0,0.107,0.537,160.977,audio_features,https://open.spotify.com/track/0NrObqc8nK1XcDNPJNBKRV
ジャージ,サバシスター,0.569,0.908,1,-4.457,1,0.0324,0.0323,0.0,0.116,0.882,177.842,audio_features,https://open.spotify.com/track/6oSMcbm3LKdqMr1oJH0SqU
You,808,0.663,0.69,10,-5.712,0,0.0291,0.392,3.46e-06,0.204,0.638,85.009,audio_features,https://open.spotify.com/track/0zTkGAcW8rSKudSDgAzRwN
Unlucky!!,First Love is Never Returned,0.628,0.849,10,-4.616,1,0.0417,0.0525,0.0,0.27,0.864,134.025,audio_features,https://open.spotify.com/track/2OBYXeH83Bf0hzpgdbvPVc
LADY,Kenshi Yonezu,0.751,0.55,2,-7.101,1,0.0534,0.28,0.000249,0.101,0.867,90.952,audio_features,https://open.spotify.com/track/7w6NWogvAAFdEhD9MA2uvv
escaper,jo0ji,0.651,0.577,7,-6.44,0,0.0806,0.624,0.0,0.329,0.613,95.043,audio_features,https://open.spotify.com/track/2Mm4RrOBvZe7tWEeWk4R6i
Have a nice day,imase,0.85,0.591,5,-4.73,1,0.0386,0.371,3.99e-06,0.117,0.564,94.018,audio_features,https://open.spotify.com/track/3FmTrTjnEZ9ZX7b0LUPZYW
Shouted Serenade,LiSA,0.615,0.977,1,-2.331,1,0.108,0.00616,0.00229,0.349,0.59,96.042,audio_features,https://open.spotify.com/track/4AmsxBuvjbrjytfHMcEoov
ヨワネハキ,MAISONdes,0.78,0.814,7,-3.617,1,0.0291,0.0432,8.28e-05,0.168,0.59,108.025,audio_features,https://open.spotify.com/track/0FOVGBW0RpVRuDuUuN4ZVw
Universe,OFFICIAL HIGE DANDISM,0.493,0.907,1,-4.911,1,0.19,0.227,1.7e-05,0.136,0.596,185.959,audio_features,https://open.spotify.com/track/6KLaKHxwJE3CZECVJLH4cN
アルジャーノン,ヨルシカ,0.656,0.424,0,-10.153,1,0.0328,0.793,1.63e-06,0.0831,0.503,143.975,audio_features,https://open.spotify.com/track/0L1E2JmrZk6QU9261PtJWQ
雨燦々,King Gnu,0.494,0.862,10,-4.608,1,0.041,0.354,0.00431,0.13,0.587,94.99,audio_features,https://open.spotify.com/track/34PR0zLBVl7VMF9E7dDwdo
あいつら全員同窓会,ZUTOMAYO,0.724,0.913,2,-2.836,0,0.118,0.453,0.0,0.052,0.913,130.968,audio_features,https://open.spotify.com/track/2VIK6jaaKghS4QPHr6sAkv
金木犀,natori,0.571,0.902,1,-5.121,1,0.0816,0.0755,0.0,0.835,0.772,118.04,audio_features,https://open.spotify.com/track/6lJ31xE2jGeRqapTygwRGm
のびしろ,Creepy Nuts,0.669,0.928,11,-2.926,0,0.0699,0.252,0.0,0.0686,0.963,174.004,audio_features,https://open.spotify.com/track/4inayqSdDjRuQMIXFn1M29
エジソン,WEDNESDAY CAMPANELLA,0.838,0.729,1,-5.733,0,0.0802,0.0195,0.0089,0.101,0.619,129.999,audio_features,https://open.spotify.com/track/2wRKOmpe6I7q6k69bkjuFU
憧れのままに,yama,0.69,0.946,6,-3.659,0,0.0534,0.0972,0.0,0.253,0.778,143.985,audio_features,https://open.spotify.com/track/7LXjgEPK0QDh2yAZDRwVTs
キャラクター,Ryokuoushoku Shakai,0.65,0.913,5,-2.147,1,0.0758,0.15,0.0,0.345,0.594,124.025,audio_features,https://open.spotify.com/track/1WkMPKhw6w2PAaZyKpITNi
SOULSOUP,OFFICIAL HIGE DANDISM,0.507,0.939,11,-4.299,0,0.0882,0.00104,0.0,0.279,0.618,144.046,audio_features,https://open.spotify.com/track/7r23DlIJauiYbGYojLgarV
花占い,Vaundy,0.638,0.89,7,-2.696,0,0.0367,0.0274,0.0,0.302,0.841,135.016,audio_features,https://open.spotify.com/track/4ETc1oFREuqQss7VQ1Y4mj
優しさ,Fujii Kaze,0.605,0.714,1,-6.835,1,0.0485,0.0845,0.0,0.0907,0.28,133.899,audio_features,https://open.spotify.com/track/38oLPJMvxkUflwj1Si2Fks
アドベンチャー,YOASOBI,0.77,0.859,9,-3.602,1,0.0313,0.279,3.52e-06,0.0432,0.84,128.01,audio_features,https://open.spotify.com/track/1w2tdCsX2yKFjbh3wHII94
感電,Kenshi Yonezu,0.633,0.723,8,-5.733,0,0.143,0.107,0.0,0.0818,0.688,103.101,audio_features,https://open.spotify.com/track/6H0PLsSYMzDOqhLgyOlzIj
左右盲,ヨルシカ,0.675,0.391,2,-7.701,1,0.0524,0.446,0.0,0.37,0.564,151.778,audio_features,https://open.spotify.com/track/797EOD68bmVFiyalgBGeOZ
スターマイン,Da-iCE,0.725,0.895,6,-3.554,1,0.183,0.295,0.0,0.0665,0.746,131.986,audio_features,https://open.spotify.com/track/0akvgdebTkERlRqNKJZuFy
麻痺,yama,0.532,0.932,5,-4.303,0,0.0522,0.0661,0.0,0.38,0.738,100.1,audio_features,https://open.spotify.com/track/1LwSnnsoKcAUv9TPFEZ7iQ
ガーデン,Fujii Kaze,0.589,0.527,4,-8.332,1,0.0572,0.0932,0.000337,0.104,0.576,138.023,audio_features,https://open.spotify.com/track/5U4PgFWzfzY7VEg9Ck4ziF
貴方の恋人になりたい,チョーキューメイ,0.825,0.737,11,-5.029,1,0.0345,0.189,1.02e-06,0.0688,0.96,124.016,audio_features,https://open.spotify.com/track/5O7dUqcxMUVPFL9YAE9e7q
Answer,Lilas Ikuta,0.566,0.509,0,-5.342,1,0.0367,0.428,0.0,0.125,0.441,79.885,audio_features,https://open.spotify.com/track/0avegfB0TQ8cGDk9nuxcOQ
硝子窓,King Gnu,0.546,0.643,0,-6.647,0,0.0559,0.607,0.00087,0.155,0.431,94.851,audio_features,https://open.spotify.com/track/5fhQl8OA678cElLUhnM9oE
Sleepwalk,natori,0.709,0.7,0,-5.451,1,0.0898,0.0315,7.01e-06,0.135,0.614,113.991,audio_features,https://open.spotify.com/track/5WHq3vcWRRb9xeQKgv7lAi
ちゅ、多様性。,ano,0.583,0.957,11,-3.439,1,0.0429,0.00885,0.000411,0.0727,0.87,153.023,audio_features,https://open.spotify.com/track/5KLL3cZEyuSJRvyS84o4Df
Tokimeki,Vaundy,0.64,0.78,5,-3.624,1,0.0308,0.00106,0.0697,0.325,0.894,120.012,audio_features,https://open.spotify.com/track/3e0Td8QexmD5l3DJzXbbcC
死神,Kenshi Yonezu,0.807,0.653,2,-6.308,1,0.0443,0.0349,9.08e-06,0.111,0.939,119.019,audio_features,https://open.spotify.com/track/3tw4Jysd48kMcKsdnGYLee
かつて天才だった俺たちへ,Creepy Nuts,0.789,0.893,9,-1.74,0,0.0446,0.0567,0.0,0.0766,0.732,105.005,audio_features,https://open.spotify.com/track/3D2IXY94OuYAIBxB1WQjnl
旅路,Fujii Kaze,0.59,0.556,9,-7.124,1,0.07,0.0711,3.24e-06,0.08,0.749,171.936,audio_features,https://open.spotify.com/track/1EM9pvygHqQm03as6sxLg9
チノカテ,ヨルシカ,0.699,0.406,1,-7.402,1,0.0502,0.614,3.02e-05,0.106,0.664,169.99,audio_features,https://open.spotify.com/track/7HIfg6iQgXkVEUMHAAXW2d
BOY,King Gnu,0.619,0.802,0,-6.618,1,0.0629,0.0831,0.0,0.361,0.535,109.982,audio_features,https://open.spotify.com/track/3oQaOjaIYPsnJbGNzXcIID
ファジーネーブル,Conton Candy,0.563,0.645,1,-4.53,1,0.0457,0.00845,8.06e-05,0.295,0.476,135.022,audio_features,https://open.spotify.com/track/7gUuCeZLFynSj28GCjoiGG
名前は片想い,indigo la End,0.707,0.847,9,-4.588,1,0.0402,0.0944,1.22e-05,0.125,0.84,121.982,audio_features,https://open.spotify.com/track/0o3zVVGJkb1QIOMF9xySiu
Magic,Mrs. GREEN APPLE,0.671,0.758,7,-3.793,1,0.0474,0.0604,0.0,0.332,0.537,117.51,audio_features,https://open.spotify.com/track/0csHMdBheTvp9Oay1hM1WF
サマータイムシンデレラ,Ryokuoushoku Shakai,0.544,0.93,7,-1.974,1,0.0648,0.423,0.0,0.26,0.311,143.057,audio_features,https://open.spotify.com/track/6SwATVDZUy3jha72jDyxe2
ねぇ,YOAKE,0.531,0.761,0,-6.434,1,0.0426,0.0769,0.0,0.111,0.962,171.038,audio_features,https://open.spotify.com/track/4OL2UHjasZp21Z1c2htqPj
レオ,Yuuri,0.629,0.543,5,-6.281,1,0.0252,0.383,0.0,0.127,0.403,93.043,audio_features,https://open.spotify.com/track/3eg3igrhEhzk8bqqRz6XCt
日常,OFFICIAL HIGE DANDISM,0.606,0.708,1,-6.983,1,0.0342,0.0205,0.000183,0.173,0.758,117.982,audio_features,https://open.spotify.com/track/1jNVSP5r2X1iVDlJfXKarA
Habit,SEKAI NO OWARI,0.749,0.85,10,-5.39,0,0.126,0.203,0.0,0.18,0.912,117.968,audio_features,https://open.spotify.com/track/2uMNMcjjUz8oNIxjIu20qE
PAKU,asmi,0.84,0.889,7,-4.968,1,0.125,0.296,3.52e-05,0.344,0.961,124.04,audio_features,https://open.spotify.com/track/6nYezkgAePhAmnxNTQRsLV
イージーゲーム,natsumi,0.605,0.909,1,-2.483,0,0.13,0.227,0.0,0.0497,0.901,165.953,audio_features,https://open.spotify.com/track/096qZRdXPOyvb5OP8NI7pw
私は最強,Mrs. GREEN APPLE,0.609,0.868,9,-2.578,1,0.0407,0.0142,0.0,0.328,0.496,95.988,audio_features,https://open.spotify.com/track/0tJ6d01rh2gTbpFlY1mYJZ
ユートピア,imase,0.671,0.884,1,-6.128,1,0.0355,0.0888,9.09e-06,0.262,0.824,105.001,audio_features,https://open.spotify.com/track/2ALfxGK9zPIkTvJbCjkSeI
三原色,YOASOBI,0.443,0.893,5,-3.496,0,0.154,0.128,0.0,0.328,0.826,127.999,audio_features,https://open.spotify.com/track/3FUCuf498nFHJXFYR1V9Bd
おもかげ (produced by Vaundy),milet,0.488,0.638,8,-4.502,1,0.058,0.0258,2.24e-05,0.12,0.713,207.906,audio_features,https://open.spotify.com/track/6ts1KCOudfDYXYfyWtq0k1
異世界混合大舞踏会 (feat. おばけ),Gen Hoshino,0.829,0.751,11,-4.937,0,0.0645,0.0142,0.014,0.0414,0.96,129.993,audio_features,https://open.spotify.com/track/2YaWdN5tieE4Ntorawbbvq
ダーリン,須田景凪,0.827,0.466,1,-5.006,1,0.156,0.00709,0.0,0.0511,0.513,137.952,audio_features,https://open.spotify.com/track/3mkRGh8v7AOH31yQ38SVdt
クロノスタシス,BUMP OF CHICKEN,0.699,0.738,0,-7.487,1,0.0259,0.0963,5.42e-05,0.163,0.671,120.001,audio_features,https://open.spotify.com/track/6Pd73yNBtoVpTRM6xLwOGp
115万キロのフィルム,OFFICIAL HIGE DANDISM,0.516,0.791,3,-1.927,1,0.0318,0.00345,0.0,0.141,0.48,96.921,audio_features,https://open.spotify.com/track/278JqkBGkjDovOYAwE8TW7
紡ぐ,Tota,0.549,0.721,6,-4.627,0,0.0302,0.19,0.0,0.0835,0.572,154.116,audio_features,https://open.spotify.com/track/4nnkvTcw7lpS8w9FKpo7yJ
サクラキミワタシ,tuki.,0.469,0.69,7,-3.129,1,0.0339,0.766,0.0,0.154,0.509,179.432,audio_features,https://open.spotify.com/track/4bM9itWEyMkLUSd2VeROAd
Walking with you,Novelbright,0.422,0.969,7,-0.824,1,0.0591,0.00585,0.0,0.533,0.496,92.524,audio_features,https://open.spotify.com/track/7tGDXCPLpAScEwmqab9YZd
10月無口な君を忘れる,あたらよ,0.262,0.47,5,-4.663,1,0.0433,0.0429,0.0,0.236,0.307,75.096,audio_features,https://open.spotify.com/track/006u4CXVO2cusq08RrMElQ
春泥棒,ヨルシカ,0.762,0.595,5,-6.777,1,0.0445,0.103,4.71e-05,0.115,0.858,125.047,audio_features,https://open.spotify.com/track/1rr2DJOxV0sHXeUXCAz1yf
星月夜,YU-KA,0.339,0.49,9,-8.431,1,0.0505,0.278,3.7e-05,0.0661,0.0706,84.385,audio_features,https://open.spotify.com/track/3kjByZ9bCHIxJR3nYofZEm
Mela!,Ryokuoushoku Shakai,0.619,0.941,8,-1.618,1,0.0584,0.0439,1.73e-05,0.318,0.624,137.967,audio_features,https://open.spotify.com/track/6IO5nn84TKArsi3cjpIqaD
grace,Fujii Kaze,0.668,0.685,7,-8.765,1,0.0472,0.0822,0.0257,0.319,0.637,108.971,audio_features,https://open.spotify.com/track/7tnYsRepXLaNhqj4xtcWP2
最高到達点,SEKAI NO OWARI,0.647,0.959,6,-3.835,1,0.0477,0.0737,0.0,0.0683,0.807,132.002,audio_features,https://open.spotify.com/track/2hXPmiqKdXcbV0L1VKnTDN
Burning Friday Night,Lucky Kilimanjaro,0.818,0.563,10,-3.831,1,0.0302,0.0341,3.86e-06,0.0706,0.822,114.976,audio_features,https://open.spotify.com/track/1NlkoYEA1ndLQIKzXTPh9V
第六感,Reol,0.675,0.959,7,-1.754,1,0.0835,0.00893,8.48e-05,0.325,0.835,134.017,audio_features,https://open.spotify.com/track/22sQUmLhT8umlEhQzDrzfJ
ナハトムジーク,Mrs. GREEN APPLE,0.479,0.641,8,-5.31,1,0.0415,0.0896,0.0,0.0666,0.275,146.354,audio_features,https://open.spotify.com/track/7sditHCsoFw3nHnjFv1BHV
スパークル,Lilas Ikuta,0.614,0.579,11,-4.937,1,0.038,0.417,0.0,0.0666,0.692,149.831,audio_features,https://open.spotify.com/track/6EuubEs5qOmJdpNhkU47OZ
エウレカ,natori,0.477,0.988,6,-2.554,0,0.226,0.000302,0.0,0.303,0.394,158.916,audio_features,https://open.spotify.com/track/6RrkERm8gb8E1jzVGyz7l5
また旅に誘われて,離婚伝説,0.804,0.59,9,-8.277,1,0.0583,0.22,5.7e-06,0.151,0.628,124.949,audio_features,https://open.spotify.com/track/5l0SzsTg6IBI3LwfLvq4f2
美しい顔 - with 礼賛,Asako Toki,0.644,0.884,9,-6.113,0,0.0575,0.00544,0.000483,0.282,0.827,111.963,audio_features,https://open.spotify.com/track/2SwIWPeV9dvmFF4O5d0nUc
ブルーライト,muque,0.753,0.586,4,-6.722,0,0.0516,0.288,4.23e-06,0.106,0.467,119.965,audio_features,https://open.spotify.com/track/6PbCnxdWt2sxv1V4cDRDS9
デッドライン,First Love is Never Returned,0.579,0.836,7,-4.538,0,0.0977,0.101,0.0,0.188,0.918,154.034,audio_features,https://open.spotify.com/track/0btSNF4g9CtAgcRtc2hqoG
TOMODACHI,レトロリロン,0.621,0.711,5,-4.928,1,0.031,0.167,0.000116,0.0823,0.808,145.872,audio_features,https://open.spotify.com/track/2mzr4sHf6Yj2RGnXeh2hHV
あなたはトリコ,RYUSENKEI,0.615,0.649,7,-5.912,0,0.027,0.439,0.0,0.0823,0.411,103.948,audio_features,https://open.spotify.com/track/2gkYR4SyJu4TDHz8r39B7y
Summer Beach,Tokimeki Records,0.652,0.816,5,-7.659,1,0.0371,0.00473,0.00564,0.344,0.847,120.967,audio_features,https://open.spotify.com/track/6LuVnKXKrZ9kLkHEMqLRP4
Sweet Sweet - feat. 土岐麻子,THREE1989,0.751,0.899,2,-5.164,1,0.0494,0.0555,0.0,0.266,0.454,107.984,audio_features,https://open.spotify.com/track/0nwBOeANdTYkamtj8lHp0U
RIDE ON TIME,BENI,0.739,0.834,8,-3.349,1,0.0488,0.412,0.0,0.329,0.881,120.028,audio_features,https://open.spotify.com/track/3FNXU06JsPMkoppLzw42S1
Season,iri,0.62,0.857,6,-6.576,0,0.162,0.236,0.0187,0.198,0.522,190.007,audio_features,https://open.spotify.com/track/28H2R5DE6eVKIBBYvGbKRg
夏夜のマジック,Asako Toki,0.59,0.578,6,-7.775,1,0.128,0.539,1.58e-06,0.207,0.681,77.899,audio_features,https://open.spotify.com/track/4H15DPcx96pHtUdICF8Chc
流星都市,Junk Fujiyama,0.634,0.735,5,-7.307,1,0.0271,0.00649,0.00121,0.109,0.664,120.012,audio_features,https://open.spotify.com/track/4YWyKUpBKyLwW2D6H0VmcC
LOST IN PARADISE,ALI,0.648,0.904,6,-4.565,0,0.0786,0.0961,2.07e-06,0.0629,0.728,121.994,audio_features,https://open.spotify.com/track/7kRKlFCFLAUwt43HWtauhX
滾らせて,evening cinema,0.622,0.877,7,-5.816,1,0.0614,0.0914,0.0,0.109,0.613,128.01,audio_features,https://open.spotify.com/track/507uw1wf1HrEsuO64bIhh5
きらり,Fujii Kaze,0.746,0.764,2,-6.833,1,0.0462,0.00803,0.0,0.357,0.701,116.982,audio_features,https://open.spotify.com/track/51oc6MEsXTpnPn6GOw5VuP
恋標,Penthouse,0.679,0.808,1,-5.067,1,0.123,0.165,0.0,0.38,0.834,97.866,audio_features,https://open.spotify.com/track/1KjHPv0YOx8YgxV8nkChtk
Unlucky!!,First Love is Never Returned,0.628,0.849,10,-4.616,1,0.0417,0.0525,0.0,0.27,0.864,134.025,audio_features,https://open.spotify.com/track/2OBYXeH83Bf0hzpgdbvPVc
琥珀色の街、上海蟹の朝,Quruli,0.698,0.607,5,-8.744,1,0.0369,0.0582,2.3e-05,0.62,0.723,90.011,audio_features,https://open.spotify.com/track/2A0zCiphI5e6Vxat20qyEv
Side Step,Satoko Shibata,0.773,0.661,0,-8.097,1,0.0434,0.257,0.000419,0.551,0.937,120.016,audio_features,https://open.spotify.com/track/1te3NRWiAyRzowFqMrrLw0
トドメの一撃 (feat. Cory Wong),Vaundy,0.577,0.946,1,-3.887,1,0.0498,0.157,0.0,0.291,0.87,100.011,audio_features,https://open.spotify.com/track/7p2X86CP7JrIjbVEsZHU0h
Gift,ネオンに恋して,0.766,0.778,0,-2.525,0,0.03,0.111,0.0,0.0974,0.817,104.966,audio_features,https://open.spotify.com/track/77VV0IhRZikqbVz6eLMIpY
My Plan,DURDN,0.57,0.795,6,-5.484,1,0.0395,0.115,2.33e-05,0.139,0.519,199.986,audio_features,https://open.spotify.com/track/2MKuMuQZbLOW16zXQksZse
踊らせないで,eill,0.736,0.705,11,-5.816,1,0.0312,0.0285,0.0,0.0725,0.84,106.99,audio_features,https://open.spotify.com/track/7vK2DtxftUf2iQgVF0Qnzg
スーパー・ジェネレイション,RYUSENKEI,0.685,0.808,4,-5.832,1,0.0334,0.316,4.25e-06,0.124,0.599,119.996,audio_features,https://open.spotify.com/track/7yizzYHoFDvCfAMmvqezUk
TATTOO,OFFICIAL HIGE DANDISM,0.481,0.901,0,-5.629,1,0.163,0.0114,0.0,0.314,0.817,194.084,audio_features,https://open.spotify.com/track/36jIu8oPR1Z4cguMuHxUXA
ラブ・ストーリーは突然に,Night Tempo,0.479,0.65,1,-8.022,1,0.213,0.235,0.000199,0.135,0.487,209.667,audio_features,https://open.spotify.com/track/7LmvWKaxCoq1pDpe2K2hnU
ニュアンスで伝えて feat. ヒグチアイ,GOOD BYE APRIL,0.624,0.654,5,-8.471,1,0.038,0.156,0.0,0.157,0.616,101.004,audio_features,https://open.spotify.com/track/5rObPaxkppROxPy9Xfqps6
Your Light,LAGHEADS,0.697,0.667,1,-7.085,1,0.028,0.0118,0.00274,0.0733,0.713,107.991,audio_features,https://open.spotify.com/track/0YhbPVTWIDYUVNmiv3fglD
東京フラッシュ,Vaundy,0.627,0.648,2,-5.212,1,0.0318,0.00255,5.17e-06,0.0466,0.614,97.995,audio_features,https://open.spotify.com/track/04e72JtsOIIlHUQ7CvWwvX
あらわれないで,離婚伝説,0.656,0.817,7,-6.826,1,0.0417,0.0131,1.21e-06,0.343,0.801,120.025,audio_features,https://open.spotify.com/track/4J355x8SX4orM1H3tyPBFa
MissU,YAJICO GIRL,0.791,0.584,4,-8.534,1,0.0471,0.291,8.99e-05,0.0952,0.808,135.981,audio_features,https://open.spotify.com/track/1tg3VgpyHR8YmiNTyHOoaZ
時を刻みながら,evening cinema,0.515,0.902,8,-4.957,0,0.0556,0.169,0.0,0.38,0.641,106.969,audio_features,https://open.spotify.com/track/2s6OPsYVUAKtVNK1FzgSTU
Lazy,kiki vivi lily,0.751,0.488,11,-7.021,1,0.0325,0.262,2.36e-06,0.186,0.603,94.004,audio_features,https://open.spotify.com/track/6pfnbN59U4lnlkMGphwaiU
STARLIGHT,iri,0.627,0.806,11,-6.413,1,0.16,0.049,2.26e-05,0.284,0.839,172.024,audio_features,https://open.spotify.com/track/1jN4iYlI3s1EVDnzhHL1LT
Drink!,DURDN,0.744,0.7,7,-4.409,1,0.064,0.0502,0.0,0.0707,0.957,124.03,audio_features,https://open.spotify.com/track/16OYugyNRr5pxjWZEfkU6b
ずるくない?,ぷにぷに電機,0.733,0.729,0,-5.914,1,0.0597,0.168,0.000102,0.0987,0.889,94.997,audio_features,https://open.spotify.com/track/4alL49g2nf50xegCcGqDZt
Remember Summer Days,Anri,0.634,0.665,4,-4.969,1,0.0318,0.342,8.87e-05,0.0709,0.787,96.698,audio_features,https://open.spotify.com/track/1qUo7d5lAOclNVbTUY0A2R
LOOP,SIRUP,0.696,0.433,11,-7.189,1,0.0585,0.26,4e-06,0.0843,0.282,79.973,audio_features,https://open.spotify.com/track/0njFXMhCDQ1MHAZJXurgvN
少女,黄麟,0.58,0.579,5,-7.109,0,0.0289,0.679,1.33e-06,0.278,0.361,176.036,audio_features,https://open.spotify.com/track/40DBsVXPYFsW1ZFdTHiFfr
エモめの夏,Lucky Kilimanjaro,0.745,0.519,11,-5.597,1,0.0491,0.00686,0.0,0.147,0.57,113.015,audio_features,https://open.spotify.com/track/2o2yCUIo6XUIIselWfjKw3
DREAMING LOVE,Hitomi Tohyama,0.725,0.467,9,-7.74,0,0.036,0.636,0.000451,0.161,0.397,74.364,audio_features,https://open.spotify.com/track/67rqVrABE42rfzvjgoRV5P
東京cruisin',tonun,0.752,0.786,1,-6.101,1,0.145,0.364,0.00216,0.309,0.92,98.018,audio_features,https://open.spotify.com/track/1LJEIE8IjHnQuV5mc0w399
スターダスト,高岩 遼,0.848,0.447,8,-11.219,1,0.0349,0.0736,0.0113,0.093,0.431,115.993,audio_features,https://open.spotify.com/track/0OzrEXUFsOMbQtoIm39nj6
808,Suchmos,0.652,0.9,10,-5.337,0,0.0393,0.0414,3.09e-05,0.115,0.779,126.101,audio_features,https://open.spotify.com/track/0ryh7pycTXrh7l1iTX9DPc
夢の続き,Night Tempo,0.724,0.593,8,-7.9,0,0.0304,0.317,0.0126,0.135,0.75,99.981,audio_features,https://open.spotify.com/track/0963vvFaqFtmxBSTz9mUnT
夏の幻,Omoinotake,0.724,0.54,3,-6.616,1,0.099,0.119,0.0,0.0475,0.445,92.928,audio_features,https://open.spotify.com/track/2KupYVG8q3fqBPtPdTxbbC
ASH feat. Vaundy,Nulbarich,0.688,0.692,1,-9.164,1,0.0366,0.00386,0.00353,0.0348,0.724,106.975,audio_features,https://open.spotify.com/track/00lGrbFYsAmvWUktnujaKO
MOON NIGHT,I Don't Like Mondays.,0.869,0.542,11,-5.586,1,0.0362,0.117,0.0,0.143,0.961,128.059,audio_features,https://open.spotify.com/track/4Ndg10oNRmN8FtOrWxs3Q5
ファジーサマー,Lucky Kilimanjaro,0.609,0.688,6,-6.313,1,0.143,0.426,9.93e-05,0.13,0.546,106.081,audio_features,https://open.spotify.com/track/7hR5iQ1WpDyfP4FYDR6YA6
ナイトグルーヴ,iri,0.759,0.749,10,-5.478,0,0.0567,0.0307,4.7e-06,0.0741,0.86,95.99,audio_features,https://open.spotify.com/track/5nnEGWycHraBQ0EhfOFToK
NEO JAPAN,Vaundy,0.597,0.813,10,-5.54,0,0.225,0.0491,0.0,0.417,0.502,176.178,audio_features,https://open.spotify.com/track/4PQJs2U6R1xhXLxyjmf4gj
革命前夜,Tempalay,0.609,0.735,7,-5.525,1,0.0313,0.0424,0.00247,0.107,0.602,88.466,audio_features,https://open.spotify.com/track/2vOeE2Uh2UDG5jow8F2WQ9
真夏の恋は気まぐれ,tonun,0.692,0.492,7,-7.9,1,0.0394,0.193,0.000765,0.229,0.508,95.068,audio_features,https://open.spotify.com/track/3DYLsJ0hAzbVGCOIWN011L
散る散る満ちる,鷲尾伶菜,0.649,0.575,1,-6.694,1,0.027,0.475,0.0,0.1,0.289,99.984,audio_features,https://open.spotify.com/track/5N8xU3TeSLHgS0Xxb4a8zA
中央フリーウェイ,Yumi Matsutoya,0.7,0.787,5,-4.508,0,0.0269,0.0117,0.00449,0.18,0.478,119.996,audio_features,https://open.spotify.com/track/1w3BXhVl88xDJOcrNh5sQH
VeroVeroCITY,Nombey,0.685,0.597,1,-9.794,1,0.0399,0.462,0.00526,0.0458,0.665,95.987,audio_features,https://open.spotify.com/track/7f0AExSglTFH1AKjd5rP3s
Venus Flytrap feat. 佐藤千亜妃,haruno,0.88,0.675,8,-8.423,0,0.052,0.392,0.281,0.104,0.8,122.031,audio_features,https://open.spotify.com/track/7KRfQEpO97OMMD4Edc1YTw
熱海,Kroi,0.726,0.707,9,-7.097,1,0.0319,0.000861,5.01e-06,0.123,0.646,122.969,audio_features,https://open.spotify.com/track/64rOTOdvUSvQDeCdfEJBaN
はなにあらし,DURDN,0.52,0.665,9,-7.137,0,0.0679,0.129,0.0,0.102,0.541,96.456,audio_features,https://open.spotify.com/track/1Y8oe7ucxNjQXTiWOIMSfz
いえない,MAISONdes,0.703,0.594,6,-6.039,0,0.0414,0.262,0.0,0.325,0.612,93.974,audio_features,https://open.spotify.com/track/5zU11rGz9E06aZRUO8E3rm
渚とサイダー,POP ART TOWN,0.671,0.817,2,-5.575,1,0.0368,0.0161,4.19e-05,0.204,0.692,141.024,audio_features,https://open.spotify.com/track/0fB9qqzExwkYpfK5j1WAPr
ブルージー,Awesome City Club,0.679,0.483,1,-5.794,0,0.0316,0.413,0.0,0.0931,0.71,99.034,audio_features,https://open.spotify.com/track/6f1eD29V3PcsYvbLcQ4y6Y
愛が一層メロウ,離婚伝説,0.722,0.633,1,-6.735,0,0.0409,0.276,0.0,0.0718,0.666,104.014,audio_features,https://open.spotify.com/track/1s4jmPayW30yQFFOjehEFB
SOSOGU,陽真,0.594,0.616,8,-5.502,1,0.136,0.361,0.0,0.296,0.783,199.93,audio_features,https://open.spotify.com/track/54x8nltyUeJxylMzAev90H
道標,福原 遥,0.632,0.616,9,-6.378,1,0.0343,0.244,0.0,0.146,0.747,98.023,audio_features,https://open.spotify.com/track/61XZNwm1eCZAc0DNIbvUmV
忘れられないの,sakanaction,0.642,0.645,6,-7.358,0,0.0375,0.35,0.00349,0.191,0.917,172.1,audio_features,https://open.spotify.com/track/7a3LbQFgp7NCuNcGlTgSsN
laundry,Ghost like girlfriend,0.642,0.742,4,-4.592,1,0.0295,0.503,1.65e-05,0.119,0.552,105.961,audio_features,https://open.spotify.com/track/6d1IerctieMQJK055jr1DP
Outsider,アツキタケトモ,0.495,0.872,2,-6.805,1,0.174,0.00687,3.63e-06,0.237,0.657,215.706,audio_features,https://open.spotify.com/track/41JNAl5ZylGTIRWtm7dkv5
U.F.O,haruno,0.852,0.441,1,-7.202,1,0.0374,0.601,1.75e-05,0.0999,0.465,94.991,audio_features,https://open.spotify.com/track/1z43YoQTKU3LfOqiMCwvWo
Good Morning,Awesome City Club,0.653,0.678,7,-6.67,0,0.0451,0.0346,0.0,0.135,0.836,94.991,audio_features,https://open.spotify.com/track/5RzbfqriTQAvMkSDKRwT4J
白無垢,Tatsuya Kitani,0.71,0.595,0,-7.559,1,0.0682,0.322,0.0,0.0835,0.699,81.926,audio_features,https://open.spotify.com/track/2QzJWdpJOGKwAIyA4anrbo
WANTED,黒子首,0.557,0.774,6,-7.375,0,0.0322,0.504,0.00957,0.158,0.968,165.916,audio_features,https://open.spotify.com/track/4tvPR6j8u65vLQenL6qytJ
Happy Sad,FIVE NEW OLD,0.464,0.901,0,-4.634,1,0.101,0.00174,0.0,0.0862,0.593,195.04,audio_features,https://open.spotify.com/track/7APs1QSzMsX4STHf4ZJnxp
friends,iri,0.784,0.653,10,-7.718,0,0.131,0.168,0.0,0.137,0.42,119.968,audio_features,https://open.spotify.com/track/0KZNnObrPorScIX3cT3sjW
Miragesong,Deep Sea Diving Club,0.619,0.699,6,-6.098,1,0.0278,0.121,0.0,0.0944,0.362,100.022,audio_features,https://open.spotify.com/track/4pNncZKpSx98scdDjn6COu
eden,Maharajan,0.55,0.768,5,-4.797,0,0.037,0.0354,0.000411,0.102,0.415,95.024,audio_features,https://open.spotify.com/track/7lXEPbQO0zQSWVRPxmHuuY
この中で,KEN MIYAKE,0.682,0.759,6,-6.373,1,0.0268,0.351,3.8e-05,0.243,0.445,107.018,audio_features,https://open.spotify.com/track/3l9fQYoLOqtuT9VKrNSkW0
ERAM,Ghost like girlfriend,0.576,0.889,4,-4.191,0,0.0416,0.00828,6.48e-06,0.338,0.468,139.975,audio_features,https://open.spotify.com/track/4QDkX55CUmspPJXIUHD1wC
むげん・,Soushi Sakiyama,0.549,0.675,2,-7.394,1,0.0398,0.16,6.57e-06,0.223,0.539,188.063,audio_features,https://open.spotify.com/track/6nMOgK49HQcjOuVSoQqo7H
Ammonite,Omoinotake,0.689,0.561,7,-5.881,0,0.0409,0.00824,0.0,0.379,0.339,104.026,audio_features,https://open.spotify.com/track/1BuXgUwI7GM44ZjuqRDDjI
FRIENDLY･NIGHTMARE,whaledontsleep,0.659,0.572,1,-6.631,1,0.0357,0.757,0.00135,0.187,0.753,94.979,audio_features,https://open.spotify.com/track/75AtakQOaa5aiIijRBuHic
Talkin' Talkin',Awesome City Club,0.803,0.764,2,-4.997,1,0.0743,0.0524,0.0,0.0589,0.894,123.022,audio_features,https://open.spotify.com/track/5qvsE4V7Vpqa8GHDHQoQta
Friday overnight,ヘッドフォンの中の世界,0.624,0.902,0,-4.425,0,0.0604,0.0365,0.0,0.173,0.648,120.969,audio_features,https://open.spotify.com/track/78mCSOawC0iznrUKJdM9Zn
iをyou,フレンズ,0.697,0.755,5,-4.874,0,0.0358,0.0112,0.0,0.0753,0.815,100.034,audio_features,https://open.spotify.com/track/0Z0SvteMXsfqncEC7QoadO
After Kiss,Unknöwn Kun,0.717,0.751,11,-5.007,1,0.0481,0.188,0.0,0.273,0.914,116.981,audio_features,https://open.spotify.com/track/2RWTpvt4FvyKTZ6OtFYtFA
ねぐせ,MAISONdes,0.838,0.467,0,-6.598,1,0.2,0.365,1.37e-06,0.0541,0.775,90.051,audio_features,https://open.spotify.com/track/2ZWvzYy2iWIpCDlYHuJKih
merry-go-round,tonun,0.778,0.686,0,-6.403,1,0.0828,0.0933,0.00124,0.0816,0.743,111.008,audio_features,https://open.spotify.com/track/4RDjRmWez2gryxtIO2Attf
error,OHTORA,0.739,0.763,11,-4.183,1,0.0827,0.143,0.0,0.123,0.907,99.988,audio_features,https://open.spotify.com/track/3uvlV1OsLs1MzJDO7HdI3y
だりぃ,YAJICO GIRL,0.672,0.765,2,-4.594,1,0.0753,0.122,7.74e-06,0.0973,0.566,141.961,audio_features,https://open.spotify.com/track/11w5mx2G7vi5xkyIeI6DGx
spring sleep,toketadenkyu,0.726,0.66,7,-4.802,1,0.0296,0.0288,1.62e-05,0.086,0.923,94.007,audio_features,https://open.spotify.com/track/1YEiNPUXJG7kgzp6LiqmRS
KISS,松下洸平,0.616,0.785,7,-4.782,1,0.0371,0.0142,4.75e-05,0.338,0.559,102.025,audio_features,https://open.spotify.com/track/3tVxy9ELaFCugIRJZuTZZA
Ravel,androp,0.692,0.703,4,-4.883,1,0.0352,0.193,2.51e-05,0.168,0.89,90.935,audio_features,https://open.spotify.com/track/4LGHishH8X6vGpF58Y8PCd
強く儚い者たち,鷲尾伶菜,0.574,0.661,6,-7.944,0,0.0354,0.123,0.0111,0.32,0.73,90.989,audio_features,https://open.spotify.com/track/2ivtIgteLtEs6Z0UDSVsGU
AURORA TOKIO,Aile The Shota,0.74,0.694,1,-6.796,1,0.0313,0.195,0.0,0.0866,0.807,107.0,audio_features,https://open.spotify.com/track/0DWuqS6eHlmVazf52ysjB4
Document,レトロリロン,0.763,0.628,11,-5.634,0,0.0645,0.201,1.58e-06,0.259,0.842,139.083,audio_features,https://open.spotify.com/track/0gYmeKnZ1lhtMH6Vtwkk2z
楽園,Awesome City Club,0.63,0.615,8,-7.68,1,0.147,0.0112,0.0,0.0599,0.605,91.028,audio_features,https://open.spotify.com/track/1uqY0QGoXd6Lj95Igp3h3W
笑ってほしいよ,BELLMAINZ,0.74,0.646,0,-8.277,1,0.0399,0.0016,7.98e-05,0.103,0.797,117.965,audio_features,https://open.spotify.com/track/6IcZU5CPGK8x5V9GTwxfJ3
Pacific Line,Kidella,0.713,0.82,6,-7.056,0,0.0775,0.00429,0.00916,0.131,0.79,124.996,audio_features,https://open.spotify.com/track/6yN1zbeAA8idD6IktDlEsi
またね,Lucky Kilimanjaro,0.807,0.707,5,-4.759,1,0.0319,0.0696,0.0033,0.31,0.607,123.023,audio_features,https://open.spotify.com/track/3b9eglykqfxtTaSpSidP9u
Who Are You,Ms.OOJA,0.695,0.767,9,-3.907,0,0.0302,0.27,3.96e-06,0.205,0.391,124.978,audio_features,https://open.spotify.com/track/6l50VsBz2P3MaWBOiUUxac
